{
  "top10" : [ {
    "name" : "Voldemort",
    "score" : 59
  }, {
    "name" : "Jimi Hendrix",
    "score" : 54
  }, {
    "name" : "Peter",
    "score" : 50
  }, {
    "name" : "Tony",
    "score" : 46
  }, {
    "name" : "Kaa",
    "score" : 42
  }, {
    "name" : "Robert",
    "score" : 36
  }, {
    "name" : "Bruce",
    "score" : 35
  }, {
    "name" : "Steve",
    "score" : 33
  }, {
    "name" : "Harry Potter",
    "score" : 23
  }, {
    "name" : "John Doe",
    "score" : 13
  } ]
}